<metadata xml:lang="en"><Esri><CreaDate>20141104</CreaDate><CreaTime>11591700</CreaTime><SyncOnce>FALSE</SyncOnce><DataProperties><lineage><Process Name="Append_1" ToolSource="C:\Program Files\ArcGIS\ArcToolbox\Toolboxes\Data Management Tools.tbx\Append" Date="20080930" Time="120141">Append N:\GIM\GIS\Users\Todd\Projects\DAT_SDW_STREETNAME_CONF\Shapefiles\NEW_CONF_FC_LESS_103359.shp;N:\GIM\GIS\Users\Todd\Projects\DAT_SDW_STREETNAME_CONF\Shapefiles\NEW_CONF_FC_MORE_103359.shp N:\GIM\GIS\Users\Todd\Projects\DAT_SDW_STREETNAME_CONF\Shapefiles\SDW_STREETNAME_HISTORY_ALL.shp TEST # N:\GIM\GIS\Users\Todd\Projects\DAT_SDW_STREETNAME_CONF\Shapefiles\SDW_STREETNAME_HISTORY_ALL.shp</Process><Process Name="FeatureClassToFeatureClass_1" ToolSource="C:\Program Files\ArcGIS\ArcToolbox\Toolboxes\Conversion Tools.tbx\FeatureClassToFeatureClass" Date="20081014" Time="080025">FeatureClassToFeatureClass N:\GIM\GIS\Users\Todd\Projects\DAT_SDW_STREETNAME_CONF\Shapefiles\SDW_STREETNAME_HISTORY_ALL_ACTIVE_3.shp "Database Connections\TGD_BASN1TOD_DEFAULT.sde" STREETNAME_SDW # "STR_NAME STR_NAME true false false 42 Text 0 0 ,First,#,N:\GIM\GIS\Users\Todd\Projects\DAT_SDW_STREETNAME_CONF\Shapefiles\SDW_STREETNAME_HISTORY_ALL_ACTIVE_3.shp,STR_NAME,-1,-1;STR_PFX STR_PFX true false false 2 Text 0 0 ,First,#,N:\GIM\GIS\Users\Todd\Projects\DAT_SDW_STREETNAME_CONF\Shapefiles\SDW_STREETNAME_HISTORY_ALL_ACTIVE_3.shp,STR_PFX,-1,-1;BASE_NAM BASE_NAM true false false 50 Text 0 0 ,First,#,N:\GIM\GIS\Users\Todd\Projects\DAT_SDW_STREETNAME_CONF\Shapefiles\SDW_STREETNAME_HISTORY_ALL_ACTIVE_3.shp,BASE_NAM,-1,-1;STR_TYPE STR_TYPE true false false 4 Text 0 0 ,First,#,N:\GIM\GIS\Users\Todd\Projects\DAT_SDW_STREETNAME_CONF\Shapefiles\SDW_STREETNAME_HISTORY_ALL_ACTIVE_3.shp,STR_TYPE,-1,-1;STR_SFX STR_SFX true false false 2 Text 0 0 ,First,#,N:\GIM\GIS\Users\Todd\Projects\DAT_SDW_STREETNAME_CONF\Shapefiles\SDW_STREETNAME_HISTORY_ALL_ACTIVE_3.shp,STR_SFX,-1,-1;E_911 E_911 true false false 1 Text 0 0 ,First,#,N:\GIM\GIS\Users\Todd\Projects\DAT_SDW_STREETNAME_CONF\Shapefiles\SDW_STREETNAME_HISTORY_ALL_ACTIVE_3.shp,E_911,-1,-1;TIS_CODE TIS_CODE true false false 11 Text 0 0 ,First,#,N:\GIM\GIS\Users\Todd\Projects\DAT_SDW_STREETNAME_CONF\Shapefiles\SDW_STREETNAME_HISTORY_ALL_ACTIVE_3.shp,TIS_CODE,-1,-1;RTE_SYST RTE_SYST true false false 2 Text 0 0 ,First,#,N:\GIM\GIS\Users\Todd\Projects\DAT_SDW_STREETNAME_CONF\Shapefiles\SDW_STREETNAME_HISTORY_ALL_ACTIVE_3.shp,RTE_SYST,-1,-1;RTE_NUM RTE_NUM true false false 5 Text 0 0 ,First,#,N:\GIM\GIS\Users\Todd\Projects\DAT_SDW_STREETNAME_CONF\Shapefiles\SDW_STREETNAME_HISTORY_ALL_ACTIVE_3.shp,RTE_NUM,-1,-1;DIVID DIVID true false false 1 Text 0 0 ,First,#,N:\GIM\GIS\Users\Todd\Projects\DAT_SDW_STREETNAME_CONF\Shapefiles\SDW_STREETNAME_HISTORY_ALL_ACTIVE_3.shp,DIVID,-1,-1;TRAF_DIR TRAF_DIR true false false 1 Text 0 0 ,First,#,N:\GIM\GIS\Users\Todd\Projects\DAT_SDW_STREETNAME_CONF\Shapefiles\SDW_STREETNAME_HISTORY_ALL_ACTIVE_3.shp,TRAF_DIR,-1,-1;STATUS STATUS true false false 1 Text 0 0 ,First,#,N:\GIM\GIS\Users\Todd\Projects\DAT_SDW_STREETNAME_CONF\Shapefiles\SDW_STREETNAME_HISTORY_ALL_ACTIVE_3.shp,STATUS,-1,-1;DATE_PRO DATE_PRO true true false 8 Date 0 0 ,First,#,N:\GIM\GIS\Users\Todd\Projects\DAT_SDW_STREETNAME_CONF\Shapefiles\SDW_STREETNAME_HISTORY_ALL_ACTIVE_3.shp,DATE_PRO,-1,-1;DATE_ACT DATE_ACT true true false 8 Date 0 0 ,First,#,N:\GIM\GIS\Users\Todd\Projects\DAT_SDW_STREETNAME_CONF\Shapefiles\SDW_STREETNAME_HISTORY_ALL_ACTIVE_3.shp,DATE_ACT,-1,-1;DATE_RET DATE_RET true true false 8 Date 0 0 ,First,#,N:\GIM\GIS\Users\Todd\Projects\DAT_SDW_STREETNAME_CONF\Shapefiles\SDW_STREETNAME_HISTORY_ALL_ACTIVE_3.shp,DATE_RET,-1,-1;DATE_EDT DATE_EDT true true false 8 Date 0 0 ,First,#,N:\GIM\GIS\Users\Todd\Projects\DAT_SDW_STREETNAME_CONF\Shapefiles\SDW_STREETNAME_HISTORY_ALL_ACTIVE_3.shp,DATE_EDT,-1,-1" # "Database Connections\TGD_BASN1TOD_DEFAULT.sde\BASN1TOD.STREETNAME_SDW"</Process><Process Name="FeatureClassToFeatureClass_1" ToolSource="C:\Program Files\ArcGIS\ArcToolbox\Toolboxes\Conversion Tools.tbx\FeatureClassToFeatureClass" Date="20090401" Time="141003">FeatureClassToFeatureClass "Database Connections\basn1tod@tgd.sde\BASN1TOD.STREETS_SDW" "Database Connections\sdw_trans@tgd.sde" STREETS_SDW_LOAD # "SE_ANNO_CAD_DATA SE_ANNO_CAD_DATA true true false 0 Blob 0 0 ,First,#,Database Connections\basn1tod@tgd.sde\BASN1TOD.STREETS_SDW,SE_ANNO_CAD_DATA,-1,-1;STREET_NAME STREET_NAME true true false 42 Text 0 0 ,First,#,Database Connections\basn1tod@tgd.sde\BASN1TOD.STREETS_SDW,STREET_NAME,-1,-1;STREET_PREFIX STREET_PREFIX true true false 2 Text 0 0 ,First,#,Database Connections\basn1tod@tgd.sde\BASN1TOD.STREETS_SDW,STREET_PREFIX,-1,-1;BASE_NAME BASE_NAME true true false 30 Text 0 0 ,First,#,Database Connections\basn1tod@tgd.sde\BASN1TOD.STREETS_SDW,BASE_NAME,-1,-1;STREET_TYPE STREET_TYPE true true false 4 Text 0 0 ,First,#,Database Connections\basn1tod@tgd.sde\BASN1TOD.STREETS_SDW,STREET_TYPE,-1,-1;STREET_SUFFIX STREET_SUFFIX true true false 2 Text 0 0 ,First,#,Database Connections\basn1tod@tgd.sde\BASN1TOD.STREETS_SDW,STREET_SUFFIX,-1,-1;E_911 E_911 true true false 1 Text 0 0 ,First,#,Database Connections\basn1tod@tgd.sde\BASN1TOD.STREETS_SDW,E_911,-1,-1;ROUTE_SYSTEM ROUTE_SYSTEM true true false 2 Text 0 0 ,First,#,Database Connections\basn1tod@tgd.sde\BASN1TOD.STREETS_SDW,ROUTE_SYSTEM,-1,-1;ROUTE_NUMBER ROUTE_NUMBER true true false 5 Text 0 0 ,First,#,Database Connections\basn1tod@tgd.sde\BASN1TOD.STREETS_SDW,ROUTE_NUMBER,-1,-1;TIS_CODE TIS_CODE true true false 11 Text 0 0 ,First,#,Database Connections\basn1tod@tgd.sde\BASN1TOD.STREETS_SDW,TIS_CODE,-1,-1;DIVIDED_ONEWAY DIVIDED_ONEWAY true true false 1 Text 0 0 ,First,#,Database Connections\basn1tod@tgd.sde\BASN1TOD.STREETS_SDW,DIVIDED_ONEWAY,-1,-1;TRAFFIC_DIRECTION TRAFFIC_DIRECTION true true false 1 Text 0 0 ,First,#,Database Connections\basn1tod@tgd.sde\BASN1TOD.STREETS_SDW,TRAFFIC_DIRECTION,-1,-1;STATUS_CODE STATUS_CODE true true false 1 Text 0 0 ,First,#,Database Connections\basn1tod@tgd.sde\BASN1TOD.STREETS_SDW,STATUS_CODE,-1,-1;DATE_PROPOSED DATE_PROPOSED true true false 36 Date 0 0 ,First,#,Database Connections\basn1tod@tgd.sde\BASN1TOD.STREETS_SDW,DATE_PROPOSED,-1,-1;DATE_ACTIVE DATE_ACTIVE true true false 36 Date 0 0 ,First,#,Database Connections\basn1tod@tgd.sde\BASN1TOD.STREETS_SDW,DATE_ACTIVE,-1,-1;DATE_RETIRED DATE_RETIRED true true false 36 Date 0 0 ,First,#,Database Connections\basn1tod@tgd.sde\BASN1TOD.STREETS_SDW,DATE_RETIRED,-1,-1;DATE_EDITED DATE_EDITED true true false 36 Date 0 0 ,First,#,Database Connections\basn1tod@tgd.sde\BASN1TOD.STREETS_SDW,DATE_EDITED,-1,-1;EDIT_NOTE EDIT_NOTE true true false 20 Text 0 0 ,First,#,Database Connections\basn1tod@tgd.sde\BASN1TOD.STREETS_SDW,EDIT_NOTE,-1,-1;EDIT_REASON EDIT_REASON true true false 50 Text 0 0 ,First,#,Database Connections\basn1tod@tgd.sde\BASN1TOD.STREETS_SDW,EDIT_REASON,-1,-1" SDW_TRANS "Database Connections\sdw_trans@tgd.sde\SDW_TRANS.STREETS_SDW_LOAD"</Process><Process Name="DeleteFeatures_1" ToolSource="C:\Program Files\ArcGIS\ArcToolbox\Toolboxes\Data Management Tools.tbx\DeleteFeatures" Date="20090405" Time="113105">DeleteFeatures "Database Connections\TGD_STREETS_LOAD.sde\SDW_TRANS.STREETS_SDW_LOAD" "Database Connections\TGD_STREETS_LOAD.sde\SDW_TRANS.STREETS_SDW_LOAD"</Process><Process Name="FeatureClassToFeatureClass_1" ToolSource="C:\Program Files\ArcGIS\ArcToolbox\Toolboxes\Conversion Tools.tbx\FeatureClassToFeatureClass" Date="20090415" Time="093615">FeatureClassToFeatureClass "Database Connections\sdw_trans@tgd.sde\SDW_TRANS.STREETS_SDW_LOAD" "Database Connections\sdw_trans@tgt.sde" STREETS_SDW_LOAD # "SE_ANNO_CAD_DATA SE_ANNO_CAD_DATA true true false 0 Blob 0 0 ,First,#,Database Connections\sdw_trans@tgd.sde\SDW_TRANS.STREETS_SDW_LOAD,SE_ANNO_CAD_DATA,-1,-1;STREET_NAME STREET_NAME true true false 42 Text 0 0 ,First,#,Database Connections\sdw_trans@tgd.sde\SDW_TRANS.STREETS_SDW_LOAD,STREET_NAME,-1,-1;STREET_PREFIX STREET_PREFIX true true false 2 Text 0 0 ,First,#,Database Connections\sdw_trans@tgd.sde\SDW_TRANS.STREETS_SDW_LOAD,STREET_PREFIX,-1,-1;BASE_NAME BASE_NAME true true false 30 Text 0 0 ,First,#,Database Connections\sdw_trans@tgd.sde\SDW_TRANS.STREETS_SDW_LOAD,BASE_NAME,-1,-1;STREET_TYPE STREET_TYPE true true false 4 Text 0 0 ,First,#,Database Connections\sdw_trans@tgd.sde\SDW_TRANS.STREETS_SDW_LOAD,STREET_TYPE,-1,-1;STREET_SUFFIX STREET_SUFFIX true true false 2 Text 0 0 ,First,#,Database Connections\sdw_trans@tgd.sde\SDW_TRANS.STREETS_SDW_LOAD,STREET_SUFFIX,-1,-1;E_911 E_911 true true false 1 Text 0 0 ,First,#,Database Connections\sdw_trans@tgd.sde\SDW_TRANS.STREETS_SDW_LOAD,E_911,-1,-1;ROUTE_SYSTEM ROUTE_SYSTEM true true false 2 Text 0 0 ,First,#,Database Connections\sdw_trans@tgd.sde\SDW_TRANS.STREETS_SDW_LOAD,ROUTE_SYSTEM,-1,-1;ROUTE_NUMBER ROUTE_NUMBER true true false 5 Text 0 0 ,First,#,Database Connections\sdw_trans@tgd.sde\SDW_TRANS.STREETS_SDW_LOAD,ROUTE_NUMBER,-1,-1;TIS_CODE TIS_CODE true true false 11 Text 0 0 ,First,#,Database Connections\sdw_trans@tgd.sde\SDW_TRANS.STREETS_SDW_LOAD,TIS_CODE,-1,-1;DIVIDED_ONEWAY DIVIDED_ONEWAY true true false 1 Text 0 0 ,First,#,Database Connections\sdw_trans@tgd.sde\SDW_TRANS.STREETS_SDW_LOAD,DIVIDED_ONEWAY,-1,-1;TRAFFIC_DIRECTION TRAFFIC_DIRECTION true true false 1 Text 0 0 ,First,#,Database Connections\sdw_trans@tgd.sde\SDW_TRANS.STREETS_SDW_LOAD,TRAFFIC_DIRECTION,-1,-1;STATUS_CODE STATUS_CODE true true false 1 Text 0 0 ,First,#,Database Connections\sdw_trans@tgd.sde\SDW_TRANS.STREETS_SDW_LOAD,STATUS_CODE,-1,-1;DATE_PROPOSED DATE_PROPOSED true true false 36 Date 0 0 ,First,#,Database Connections\sdw_trans@tgd.sde\SDW_TRANS.STREETS_SDW_LOAD,DATE_PROPOSED,-1,-1;DATE_ACTIVE DATE_ACTIVE true true false 36 Date 0 0 ,First,#,Database Connections\sdw_trans@tgd.sde\SDW_TRANS.STREETS_SDW_LOAD,DATE_ACTIVE,-1,-1;DATE_RETIRED DATE_RETIRED true true false 36 Date 0 0 ,First,#,Database Connections\sdw_trans@tgd.sde\SDW_TRANS.STREETS_SDW_LOAD,DATE_RETIRED,-1,-1;DATE_EDITED DATE_EDITED true true false 36 Date 0 0 ,First,#,Database Connections\sdw_trans@tgd.sde\SDW_TRANS.STREETS_SDW_LOAD,DATE_EDITED,-1,-1;EDIT_NOTE EDIT_NOTE true true false 20 Text 0 0 ,First,#,Database Connections\sdw_trans@tgd.sde\SDW_TRANS.STREETS_SDW_LOAD,EDIT_NOTE,-1,-1;EDIT_REASON EDIT_REASON true true false 50 Text 0 0 ,First,#,Database Connections\sdw_trans@tgd.sde\SDW_TRANS.STREETS_SDW_LOAD,EDIT_REASON,-1,-1" SDW_TRANS "Database Connections\sdw_trans@tgt.sde\SDW_TRANS.STREETS_SDW_LOAD"</Process><Process Name="DeleteFeatures_1" ToolSource="C:\Program Files\ArcGIS\ArcToolbox\Toolboxes\Data Management Tools.tbx\DeleteFeatures" Date="20090416" Time="094227">DeleteFeatures "Database Connections\TGT_STREETS_LOAD.sde\SDW_TRANS.STREETS_SDW_LOAD" "Database Connections\TGT_STREETS_LOAD.sde\SDW_TRANS.STREETS_SDW_LOAD"</Process><Process Name="FeatureClassToFeatureClass_1" ToolSource="C:\Program Files\ArcGIS\ArcToolbox\Toolboxes\Conversion Tools.tbx\FeatureClassToFeatureClass" Date="20090422" Time="165342">FeatureClassToFeatureClass "Database Connections\sdw_trans@tgt.sde\SDW_TRANS.STREETS_SDW_LOAD" "Database Connections\sdw_trans@tgp.sde" STREETS_SDW_LOAD # "SE_ANNO_CAD_DATA SE_ANNO_CAD_DATA true true false 0 Blob 0 0 ,First,#,Database Connections\sdw_trans@tgt.sde\SDW_TRANS.STREETS_SDW_LOAD,SE_ANNO_CAD_DATA,-1,-1;STREET_NAME STREET_NAME true true false 42 Text 0 0 ,First,#,Database Connections\sdw_trans@tgt.sde\SDW_TRANS.STREETS_SDW_LOAD,STREET_NAME,-1,-1;STREET_PREFIX STREET_PREFIX true true false 2 Text 0 0 ,First,#,Database Connections\sdw_trans@tgt.sde\SDW_TRANS.STREETS_SDW_LOAD,STREET_PREFIX,-1,-1;BASE_NAME BASE_NAME true true false 30 Text 0 0 ,First,#,Database Connections\sdw_trans@tgt.sde\SDW_TRANS.STREETS_SDW_LOAD,BASE_NAME,-1,-1;STREET_TYPE STREET_TYPE true true false 4 Text 0 0 ,First,#,Database Connections\sdw_trans@tgt.sde\SDW_TRANS.STREETS_SDW_LOAD,STREET_TYPE,-1,-1;STREET_SUFFIX STREET_SUFFIX true true false 2 Text 0 0 ,First,#,Database Connections\sdw_trans@tgt.sde\SDW_TRANS.STREETS_SDW_LOAD,STREET_SUFFIX,-1,-1;E_911 E_911 true true false 1 Text 0 0 ,First,#,Database Connections\sdw_trans@tgt.sde\SDW_TRANS.STREETS_SDW_LOAD,E_911,-1,-1;ROUTE_SYSTEM ROUTE_SYSTEM true true false 2 Text 0 0 ,First,#,Database Connections\sdw_trans@tgt.sde\SDW_TRANS.STREETS_SDW_LOAD,ROUTE_SYSTEM,-1,-1;ROUTE_NUMBER ROUTE_NUMBER true true false 5 Text 0 0 ,First,#,Database Connections\sdw_trans@tgt.sde\SDW_TRANS.STREETS_SDW_LOAD,ROUTE_NUMBER,-1,-1;TIS_CODE TIS_CODE true true false 11 Text 0 0 ,First,#,Database Connections\sdw_trans@tgt.sde\SDW_TRANS.STREETS_SDW_LOAD,TIS_CODE,-1,-1;DIVIDED_ONEWAY DIVIDED_ONEWAY true true false 1 Text 0 0 ,First,#,Database Connections\sdw_trans@tgt.sde\SDW_TRANS.STREETS_SDW_LOAD,DIVIDED_ONEWAY,-1,-1;TRAFFIC_DIRECTION TRAFFIC_DIRECTION true true false 1 Text 0 0 ,First,#,Database Connections\sdw_trans@tgt.sde\SDW_TRANS.STREETS_SDW_LOAD,TRAFFIC_DIRECTION,-1,-1;STATUS_CODE STATUS_CODE true true false 1 Text 0 0 ,First,#,Database Connections\sdw_trans@tgt.sde\SDW_TRANS.STREETS_SDW_LOAD,STATUS_CODE,-1,-1;DATE_PROPOSED DATE_PROPOSED true true false 36 Date 0 0 ,First,#,Database Connections\sdw_trans@tgt.sde\SDW_TRANS.STREETS_SDW_LOAD,DATE_PROPOSED,-1,-1;DATE_ACTIVE DATE_ACTIVE true true false 36 Date 0 0 ,First,#,Database Connections\sdw_trans@tgt.sde\SDW_TRANS.STREETS_SDW_LOAD,DATE_ACTIVE,-1,-1;DATE_RETIRED DATE_RETIRED true true false 36 Date 0 0 ,First,#,Database Connections\sdw_trans@tgt.sde\SDW_TRANS.STREETS_SDW_LOAD,DATE_RETIRED,-1,-1;DATE_EDITED DATE_EDITED true true false 36 Date 0 0 ,First,#,Database Connections\sdw_trans@tgt.sde\SDW_TRANS.STREETS_SDW_LOAD,DATE_EDITED,-1,-1;EDIT_NOTE EDIT_NOTE true true false 20 Text 0 0 ,First,#,Database Connections\sdw_trans@tgt.sde\SDW_TRANS.STREETS_SDW_LOAD,EDIT_NOTE,-1,-1;EDIT_REASON EDIT_REASON true true false 50 Text 0 0 ,First,#,Database Connections\sdw_trans@tgt.sde\SDW_TRANS.STREETS_SDW_LOAD,EDIT_REASON,-1,-1" SDW_TRANS "Database Connections\sdw_trans@tgp.sde\SDW_TRANS.STREETS_SDW_LOAD"</Process><Process Name="DeleteRows_2" ToolSource="C:\Program Files\ArcGIS\ArcToolbox\Toolboxes\Data Management Tools.tbx\DeleteRows" Date="20090505" Time="132410">DeleteRows "Database Connections\TGP_STREET_LOAD.sde\SDW_TRANS.STREETS_SDW_LOAD" "Database Connections\TGP_STREET_LOAD.sde\SDW_TRANS.STREETS_SDW_LOAD"</Process><Process Name="DeleteFeatures_1" ToolSource="C:\Program Files\ArcGIS\ArcToolbox\Toolboxes\Data Management Tools.tbx\DeleteFeatures" Date="20090506" Time="112724">DeleteFeatures "Database Connections\TGP_STREET_LOAD.sde\SDW_TRANS.STREETS_SDW_LOAD" "Database Connections\TGP_STREET_LOAD.sde\SDW_TRANS.STREETS_SDW_LOAD"</Process><Process Name="DeleteFeatures_1" ToolSource="C:\Program Files\ArcGIS\ArcToolbox\Toolboxes\Data Management Tools.tbx\DeleteFeatures" Date="20090506" Time="120117">DeleteFeatures "Database Connections\TGP_STREET_LOAD.sde\SDW_TRANS.STREETS_SDW_LOAD" "Database Connections\TGP_STREET_LOAD.sde\SDW_TRANS.STREETS_SDW_LOAD"</Process><Process Name="DeleteFeatures_2" ToolSource="C:\Program Files\ArcGIS\ArcToolbox\Toolboxes\Data Management Tools.tbx\DeleteFeatures" Date="20090506" Time="121035">DeleteFeatures "Database Connections\TGP_STREET_LOAD.sde\SDW_TRANS.STREETS_SDW_LOAD" "Database Connections\TGP_STREET_LOAD.sde\SDW_TRANS.STREETS_SDW_LOAD"</Process><Process Name="DeleteFeatures_1" ToolSource="C:\Program Files\ArcGIS\ArcToolbox\Toolboxes\Data Management Tools.tbx\DeleteFeatures" Date="20090506" Time="125610">DeleteFeatures "Database Connections\TGP_STREET_LOAD.sde\SDW_TRANS.STREETS_SDW_LOAD" "Database Connections\TGP_STREET_LOAD.sde\SDW_TRANS.STREETS_SDW_LOAD"</Process><Process Name="RemoveSpatialIndex_1" ToolSource="C:\Program Files\ArcGIS\ArcToolbox\Toolboxes\Data Management Tools.tbx\RemoveSpatialIndex" Date="20090511" Time="094451">RemoveSpatialIndex "Database Connections\sdw_trans@tgp.sde\SDW_TRANS.STREETS_SDW_LOAD" "Database Connections\sdw_trans@tgp.sde\SDW_TRANS.STREETS_SDW_LOAD"</Process><Process ToolSource="C:\Program Files\ArcGIS\ArcToolbox\Toolboxes\Data Management Tools.tbx\DeleteFeatures" Date="20091125" Time="104356">DeleteFeatures "Database Connections\sdw_trans@tgp.sde\SDW_TRANS.STREETS_SDW_LOAD" "Database Connections\sdw_trans@tgp.sde\SDW_TRANS.STREETS_SDW_LOAD"</Process><Process Name="DeleteFeatures_2" ToolSource="C:\Program Files\ArcGIS\ArcToolbox\Toolboxes\Data Management Tools.tbx\DeleteFeatures" Date="20100401" Time="131516">DeleteFeatures "Database Connections\TGP_STREETS_LOAD.sde\SDW_TRANS.STREETS_SDW_LOAD" "Database Connections\TGP_STREETS_LOAD.sde\SDW_TRANS.STREETS_SDW_LOAD"</Process><Process Name="DeleteFeatures_3" ToolSource="C:\Program Files\ArcGIS\ArcToolbox\Toolboxes\Data Management Tools.tbx\DeleteFeatures" Date="20100401" Time="142148">DeleteFeatures "Database Connections\TGP_STREETS_LOAD.sde\SDW_TRANS.STREETS_SDW_LOAD" "Database Connections\TGP_STREETS_LOAD.sde\SDW_TRANS.STREETS_SDW_LOAD"</Process><Process ToolSource="C:\Program Files\ArcGIS\ArcToolbox\Toolboxes\Data Management Tools.tbx\Append" Date="20111201" Time="131448">Append 'Database Connections\sdw_trans@tgt.sde\SDW_TRANS.STREETS_SDW_LOAD' "Database Connections\sdw_trans@tgp.sde\SDW_TRANS.STREETS_SDW_LOAD" NO_TEST "SE_ANNO_CAD_DATA 'SE_ANNO_CAD_DATA' true true false 0 Blob 0 0 ,First,#,Database Connections\sdw_trans@tgt.sde\SDW_TRANS.STREETS_SDW_LOAD,SE_ANNO_CAD_DATA,-1,-1;STREET_NAME 'STREET_NAME' true true false 42 Text 0 0 ,First,#,Database Connections\sdw_trans@tgt.sde\SDW_TRANS.STREETS_SDW_LOAD,STREET_NAME,-1,-1;STREET_PREFIX 'STREET_PREFIX' true true false 2 Text 0 0 ,First,#,Database Connections\sdw_trans@tgt.sde\SDW_TRANS.STREETS_SDW_LOAD,STREET_PREFIX,-1,-1;BASE_NAME 'BASE_NAME' true true false 30 Text 0 0 ,First,#,Database Connections\sdw_trans@tgt.sde\SDW_TRANS.STREETS_SDW_LOAD,BASE_NAME,-1,-1;STREET_TYPE 'STREET_TYPE' true true false 4 Text 0 0 ,First,#,Database Connections\sdw_trans@tgt.sde\SDW_TRANS.STREETS_SDW_LOAD,STREET_TYPE,-1,-1;STREET_SUFFIX 'STREET_SUFFIX' true true false 2 Text 0 0 ,First,#,Database Connections\sdw_trans@tgt.sde\SDW_TRANS.STREETS_SDW_LOAD,STREET_SUFFIX,-1,-1;E_911 'E_911' true true false 1 Text 0 0 ,First,#,Database Connections\sdw_trans@tgt.sde\SDW_TRANS.STREETS_SDW_LOAD,E_911,-1,-1;ROUTE_SYSTEM 'ROUTE_SYSTEM' true true false 2 Text 0 0 ,First,#,Database Connections\sdw_trans@tgt.sde\SDW_TRANS.STREETS_SDW_LOAD,ROUTE_SYSTEM,-1,-1;ROUTE_NUMBER 'ROUTE_NUMBER' true true false 5 Text 0 0 ,First,#,Database Connections\sdw_trans@tgt.sde\SDW_TRANS.STREETS_SDW_LOAD,ROUTE_NUMBER,-1,-1;TIS_CODE 'TIS_CODE' true true false 11 Text 0 0 ,First,#,Database Connections\sdw_trans@tgt.sde\SDW_TRANS.STREETS_SDW_LOAD,TIS_CODE,-1,-1;DIVIDED_ONEWAY 'DIVIDED_ONEWAY' true true false 1 Text 0 0 ,First,#,Database Connections\sdw_trans@tgt.sde\SDW_TRANS.STREETS_SDW_LOAD,DIVIDED_ONEWAY,-1,-1;TRAFFIC_DIRECTION 'TRAFFIC_DIRECTION' true true false 1 Text 0 0 ,First,#,Database Connections\sdw_trans@tgt.sde\SDW_TRANS.STREETS_SDW_LOAD,TRAFFIC_DIRECTION,-1,-1;STATUS_CODE 'STATUS_CODE' true true false 1 Text 0 0 ,First,#,Database Connections\sdw_trans@tgt.sde\SDW_TRANS.STREETS_SDW_LOAD,STATUS_CODE,-1,-1;DATE_PROPOSED 'DATE_PROPOSED' true true false 36 Date 0 0 ,First,#,Database Connections\sdw_trans@tgt.sde\SDW_TRANS.STREETS_SDW_LOAD,DATE_PROPOSED,-1,-1;DATE_ACTIVE 'DATE_ACTIVE' true true false 36 Date 0 0 ,First,#,Database Connections\sdw_trans@tgt.sde\SDW_TRANS.STREETS_SDW_LOAD,DATE_ACTIVE,-1,-1;DATE_RETIRED 'DATE_RETIRED' true true false 36 Date 0 0 ,First,#,Database Connections\sdw_trans@tgt.sde\SDW_TRANS.STREETS_SDW_LOAD,DATE_RETIRED,-1,-1;DATE_EDITED 'DATE_EDITED' true true false 36 Date 0 0 ,First,#,Database Connections\sdw_trans@tgt.sde\SDW_TRANS.STREETS_SDW_LOAD,DATE_EDITED,-1,-1;EDIT_NOTE 'EDIT_NOTE' true true false 20 Text 0 0 ,First,#,Database Connections\sdw_trans@tgt.sde\SDW_TRANS.STREETS_SDW_LOAD,EDIT_NOTE,-1,-1;EDIT_REASON 'EDIT_REASON' true true false 50 Text 0 0 ,First,#,Database Connections\sdw_trans@tgt.sde\SDW_TRANS.STREETS_SDW_LOAD,EDIT_REASON,-1,-1;SHAPE.LEN 'SHAPE.LEN' false false true 0 Double 0 0 ,First,#,Database Connections\sdw_trans@tgt.sde\SDW_TRANS.STREETS_SDW_LOAD,SHAPE.LEN,-1,-1" # "Database Connections\sdw_trans@tgp.sde\SDW_TRANS.STREETS_SDW_LOAD"</Process><Process ToolSource="c:\program files\arcgis\desktop10.0\ArcToolbox\Toolboxes\Conversion Tools.tbx\FeatureClassToFeatureClass" Date="20120515" Time="170156">FeatureClassToFeatureClass "Database Connections\sdw_trans@tgt.sde\SDW_TRANS.STREETS_SDW_LOAD" "Database Connections\tda_load@tgd.sde" STREETS_LOAD # "STREET_NAME "STREET_NAME" true true false 42 Text 0 0 ,First,#,Database Connections\sdw_trans@tgt.sde\SDW_TRANS.STREETS_SDW_LOAD,STREET_NAME,-1,-1;STREET_PREFIX "STREET_PREFIX" true true false 2 Text 0 0 ,First,#,Database Connections\sdw_trans@tgt.sde\SDW_TRANS.STREETS_SDW_LOAD,STREET_PREFIX,-1,-1;BASE_NAME "BASE_NAME" true true false 30 Text 0 0 ,First,#,Database Connections\sdw_trans@tgt.sde\SDW_TRANS.STREETS_SDW_LOAD,BASE_NAME,-1,-1;STREET_TYPE "STREET_TYPE" true true false 4 Text 0 0 ,First,#,Database Connections\sdw_trans@tgt.sde\SDW_TRANS.STREETS_SDW_LOAD,STREET_TYPE,-1,-1;STREET_SUFFIX "STREET_SUFFIX" true true false 2 Text 0 0 ,First,#,Database Connections\sdw_trans@tgt.sde\SDW_TRANS.STREETS_SDW_LOAD,STREET_SUFFIX,-1,-1;E_911 "E_911" true true false 1 Text 0 0 ,First,#,Database Connections\sdw_trans@tgt.sde\SDW_TRANS.STREETS_SDW_LOAD,E_911,-1,-1;ROUTE_SYSTEM "ROUTE_SYSTEM" true true false 2 Text 0 0 ,First,#,Database Connections\sdw_trans@tgt.sde\SDW_TRANS.STREETS_SDW_LOAD,ROUTE_SYSTEM,-1,-1;ROUTE_NUMBER "ROUTE_NUMBER" true true false 5 Text 0 0 ,First,#,Database Connections\sdw_trans@tgt.sde\SDW_TRANS.STREETS_SDW_LOAD,ROUTE_NUMBER,-1,-1;TIS_CODE "TIS_CODE" true true false 11 Text 0 0 ,First,#,Database Connections\sdw_trans@tgt.sde\SDW_TRANS.STREETS_SDW_LOAD,TIS_CODE,-1,-1;DIVIDED_ONEWAY "DIVIDED_ONEWAY" true true false 1 Text 0 0 ,First,#,Database Connections\sdw_trans@tgt.sde\SDW_TRANS.STREETS_SDW_LOAD,DIVIDED_ONEWAY,-1,-1;TRAFFIC_DIRECTION "TRAFFIC_DIRECTION" true true false 1 Text 0 0 ,First,#,Database Connections\sdw_trans@tgt.sde\SDW_TRANS.STREETS_SDW_LOAD,TRAFFIC_DIRECTION,-1,-1;STATUS_CODE "STATUS_CODE" true true false 1 Text 0 0 ,First,#,Database Connections\sdw_trans@tgt.sde\SDW_TRANS.STREETS_SDW_LOAD,STATUS_CODE,-1,-1;DATE_PROPOSED "DATE_PROPOSED" true true false 36 Date 0 0 ,First,#,Database Connections\sdw_trans@tgt.sde\SDW_TRANS.STREETS_SDW_LOAD,DATE_PROPOSED,-1,-1;DATE_ACTIVE "DATE_ACTIVE" true true false 36 Date 0 0 ,First,#,Database Connections\sdw_trans@tgt.sde\SDW_TRANS.STREETS_SDW_LOAD,DATE_ACTIVE,-1,-1;DATE_RETIRED "DATE_RETIRED" true true false 36 Date 0 0 ,First,#,Database Connections\sdw_trans@tgt.sde\SDW_TRANS.STREETS_SDW_LOAD,DATE_RETIRED,-1,-1;DATE_EDITED "DATE_EDITED" true true false 36 Date 0 0 ,First,#,Database Connections\sdw_trans@tgt.sde\SDW_TRANS.STREETS_SDW_LOAD,DATE_EDITED,-1,-1;EDIT_NOTE "EDIT_NOTE" true true false 20 Text 0 0 ,First,#,Database Connections\sdw_trans@tgt.sde\SDW_TRANS.STREETS_SDW_LOAD,EDIT_NOTE,-1,-1;EDIT_REASON "EDIT_REASON" true true false 50 Text 0 0 ,First,#,Database Connections\sdw_trans@tgt.sde\SDW_TRANS.STREETS_SDW_LOAD,EDIT_REASON,-1,-1;SHAPE_LEN "SHAPE_LEN" false false true 0 Double 0 0 ,First,#,Database Connections\sdw_trans@tgt.sde\SDW_TRANS.STREETS_SDW_LOAD,SHAPE.LEN,-1,-1" TDA_SDO</Process><Process ToolSource="C:\Program Files\ArcGIS\Desktop10.0\ArcToolbox\Toolboxes\Data Management Tools.tbx\ChangePrivileges" Date="20120516" Time="085608">ChangePrivileges 'Database Connections\tda_load@tgd.sde\TDA_LOAD.STREETS_LOAD' sdw_trans GRANT AS_IS</Process><Process ToolSource="c:\program files\arcgis\desktop10.0\ArcToolbox\Toolboxes\Conversion Tools.tbx\FeatureClassToFeatureClass" Date="20120516" Time="085904">FeatureClassToFeatureClass "Database Connections\tda_load@tgd.sde\TDA_LOAD.STREETS_LOAD" "Database Connections\tda_load@tgt.sde" STREETS_LOAD # "STREET_NAME "STREET_NAME" true true false 42 Text 0 0 ,First,#,Database Connections\tda_load@tgd.sde\TDA_LOAD.STREETS_LOAD,STREET_NAME,-1,-1;STREET_PREFIX "STREET_PREFIX" true true false 2 Text 0 0 ,First,#,Database Connections\tda_load@tgd.sde\TDA_LOAD.STREETS_LOAD,STREET_PREFIX,-1,-1;BASE_NAME "BASE_NAME" true true false 30 Text 0 0 ,First,#,Database Connections\tda_load@tgd.sde\TDA_LOAD.STREETS_LOAD,BASE_NAME,-1,-1;STREET_TYPE "STREET_TYPE" true true false 4 Text 0 0 ,First,#,Database Connections\tda_load@tgd.sde\TDA_LOAD.STREETS_LOAD,STREET_TYPE,-1,-1;STREET_SUFFIX "STREET_SUFFIX" true true false 2 Text 0 0 ,First,#,Database Connections\tda_load@tgd.sde\TDA_LOAD.STREETS_LOAD,STREET_SUFFIX,-1,-1;E_911 "E_911" true true false 1 Text 0 0 ,First,#,Database Connections\tda_load@tgd.sde\TDA_LOAD.STREETS_LOAD,E_911,-1,-1;ROUTE_SYSTEM "ROUTE_SYSTEM" true true false 2 Text 0 0 ,First,#,Database Connections\tda_load@tgd.sde\TDA_LOAD.STREETS_LOAD,ROUTE_SYSTEM,-1,-1;ROUTE_NUMBER "ROUTE_NUMBER" true true false 5 Text 0 0 ,First,#,Database Connections\tda_load@tgd.sde\TDA_LOAD.STREETS_LOAD,ROUTE_NUMBER,-1,-1;TIS_CODE "TIS_CODE" true true false 11 Text 0 0 ,First,#,Database Connections\tda_load@tgd.sde\TDA_LOAD.STREETS_LOAD,TIS_CODE,-1,-1;DIVIDED_ONEWAY "DIVIDED_ONEWAY" true true false 1 Text 0 0 ,First,#,Database Connections\tda_load@tgd.sde\TDA_LOAD.STREETS_LOAD,DIVIDED_ONEWAY,-1,-1;TRAFFIC_DIRECTION "TRAFFIC_DIRECTION" true true false 1 Text 0 0 ,First,#,Database Connections\tda_load@tgd.sde\TDA_LOAD.STREETS_LOAD,TRAFFIC_DIRECTION,-1,-1;STATUS_CODE "STATUS_CODE" true true false 1 Text 0 0 ,First,#,Database Connections\tda_load@tgd.sde\TDA_LOAD.STREETS_LOAD,STATUS_CODE,-1,-1;DATE_PROPOSED "DATE_PROPOSED" true true false 36 Date 0 0 ,First,#,Database Connections\tda_load@tgd.sde\TDA_LOAD.STREETS_LOAD,DATE_PROPOSED,-1,-1;DATE_ACTIVE "DATE_ACTIVE" true true false 36 Date 0 0 ,First,#,Database Connections\tda_load@tgd.sde\TDA_LOAD.STREETS_LOAD,DATE_ACTIVE,-1,-1;DATE_RETIRED "DATE_RETIRED" true true false 36 Date 0 0 ,First,#,Database Connections\tda_load@tgd.sde\TDA_LOAD.STREETS_LOAD,DATE_RETIRED,-1,-1;DATE_EDITED "DATE_EDITED" true true false 36 Date 0 0 ,First,#,Database Connections\tda_load@tgd.sde\TDA_LOAD.STREETS_LOAD,DATE_EDITED,-1,-1;EDIT_NOTE "EDIT_NOTE" true true false 20 Text 0 0 ,First,#,Database Connections\tda_load@tgd.sde\TDA_LOAD.STREETS_LOAD,EDIT_NOTE,-1,-1;EDIT_REASON "EDIT_REASON" true true false 50 Text 0 0 ,First,#,Database Connections\tda_load@tgd.sde\TDA_LOAD.STREETS_LOAD,EDIT_REASON,-1,-1;SE_ANNO_CAD_DATA "SE_ANNO_CAD_DATA" true true false 0 Blob 0 0 ,First,#,Database Connections\tda_load@tgd.sde\TDA_LOAD.STREETS_LOAD,SE_ANNO_CAD_DATA,-1,-1;SHAPE_LEN "SHAPE_LEN" false false true 0 Double 0 0 ,First,#,Database Connections\tda_load@tgd.sde\TDA_LOAD.STREETS_LOAD,SHAPE.LEN,-1,-1" TDA_SDO</Process><Process ToolSource="C:\Program Files\ArcGIS\Desktop10.0\ArcToolbox\Toolboxes\Data Management Tools.tbx\ChangePrivileges" Date="20120516" Time="090638">ChangePrivileges 'Database Connections\tda_load@tgt.sde\TDA_LOAD.STREETS_LOAD' sdw_trans GRANT AS_IS</Process><Process ToolSource="c:\program files\arcgis\desktop10.0\ArcToolbox\Toolboxes\Conversion Tools.tbx\FeatureClassToFeatureClass" Date="20120619" Time="133038">FeatureClassToFeatureClass "Database Connections\tda_load@tgt.sde\TDA_LOAD.STREETS_LOAD" "Database Connections\tda_load@tgp.sde" STREETS_LOAD # "STREET_NAME "STREET_NAME" true true false 42 Text 0 0 ,First,#,Database Connections\tda_load@tgt.sde\TDA_LOAD.STREETS_LOAD,STREET_NAME,-1,-1;STREET_PREFIX "STREET_PREFIX" true true false 2 Text 0 0 ,First,#,Database Connections\tda_load@tgt.sde\TDA_LOAD.STREETS_LOAD,STREET_PREFIX,-1,-1;BASE_NAME "BASE_NAME" true true false 30 Text 0 0 ,First,#,Database Connections\tda_load@tgt.sde\TDA_LOAD.STREETS_LOAD,BASE_NAME,-1,-1;STREET_TYPE "STREET_TYPE" true true false 4 Text 0 0 ,First,#,Database Connections\tda_load@tgt.sde\TDA_LOAD.STREETS_LOAD,STREET_TYPE,-1,-1;STREET_SUFFIX "STREET_SUFFIX" true true false 2 Text 0 0 ,First,#,Database Connections\tda_load@tgt.sde\TDA_LOAD.STREETS_LOAD,STREET_SUFFIX,-1,-1;E_911 "E_911" true true false 1 Text 0 0 ,First,#,Database Connections\tda_load@tgt.sde\TDA_LOAD.STREETS_LOAD,E_911,-1,-1;ROUTE_SYSTEM "ROUTE_SYSTEM" true true false 2 Text 0 0 ,First,#,Database Connections\tda_load@tgt.sde\TDA_LOAD.STREETS_LOAD,ROUTE_SYSTEM,-1,-1;ROUTE_NUMBER "ROUTE_NUMBER" true true false 5 Text 0 0 ,First,#,Database Connections\tda_load@tgt.sde\TDA_LOAD.STREETS_LOAD,ROUTE_NUMBER,-1,-1;TIS_CODE "TIS_CODE" true true false 11 Text 0 0 ,First,#,Database Connections\tda_load@tgt.sde\TDA_LOAD.STREETS_LOAD,TIS_CODE,-1,-1;DIVIDED_ONEWAY "DIVIDED_ONEWAY" true true false 1 Text 0 0 ,First,#,Database Connections\tda_load@tgt.sde\TDA_LOAD.STREETS_LOAD,DIVIDED_ONEWAY,-1,-1;TRAFFIC_DIRECTION "TRAFFIC_DIRECTION" true true false 1 Text 0 0 ,First,#,Database Connections\tda_load@tgt.sde\TDA_LOAD.STREETS_LOAD,TRAFFIC_DIRECTION,-1,-1;STATUS_CODE "STATUS_CODE" true true false 1 Text 0 0 ,First,#,Database Connections\tda_load@tgt.sde\TDA_LOAD.STREETS_LOAD,STATUS_CODE,-1,-1;DATE_PROPOSED "DATE_PROPOSED" true true false 36 Date 0 0 ,First,#,Database Connections\tda_load@tgt.sde\TDA_LOAD.STREETS_LOAD,DATE_PROPOSED,-1,-1;DATE_ACTIVE "DATE_ACTIVE" true true false 36 Date 0 0 ,First,#,Database Connections\tda_load@tgt.sde\TDA_LOAD.STREETS_LOAD,DATE_ACTIVE,-1,-1;DATE_RETIRED "DATE_RETIRED" true true false 36 Date 0 0 ,First,#,Database Connections\tda_load@tgt.sde\TDA_LOAD.STREETS_LOAD,DATE_RETIRED,-1,-1;DATE_EDITED "DATE_EDITED" true true false 36 Date 0 0 ,First,#,Database Connections\tda_load@tgt.sde\TDA_LOAD.STREETS_LOAD,DATE_EDITED,-1,-1;EDIT_NOTE "EDIT_NOTE" true true false 20 Text 0 0 ,First,#,Database Connections\tda_load@tgt.sde\TDA_LOAD.STREETS_LOAD,EDIT_NOTE,-1,-1;EDIT_REASON "EDIT_REASON" true true false 50 Text 0 0 ,First,#,Database Connections\tda_load@tgt.sde\TDA_LOAD.STREETS_LOAD,EDIT_REASON,-1,-1;SE_ANNO_CAD_DATA "SE_ANNO_CAD_DATA" true true false 0 Blob 0 0 ,First,#,Database Connections\tda_load@tgt.sde\TDA_LOAD.STREETS_LOAD,SE_ANNO_CAD_DATA,-1,-1;SHAPE_LEN "SHAPE_LEN" false false true 0 Double 0 0 ,First,#,Database Connections\tda_load@tgt.sde\TDA_LOAD.STREETS_LOAD,SHAPE.LEN,-1,-1" TDA_SDO</Process><Process ToolSource="C:\Program Files\ArcGIS\Desktop10.0\ArcToolbox\Toolboxes\Data Management Tools.tbx\ChangePrivileges" Date="20120619" Time="133152">ChangePrivileges 'Database Connections\tda_load@tgp.sde\TDA_LOAD.STREETS_LOAD' sdw_trans GRANT AS_IS</Process><Process ToolSource="c:\program files\arcgis\desktop10.0\ArcToolbox\Toolboxes\Data Management Tools.tbx\DeleteFeatures" Date="20120621" Time="075505">DeleteFeatures "Database Connections\TGP_TDA_LOAD_DEFAULT.sde\TDA_LOAD.STREETS_LOAD"</Process><Process ToolSource="c:\program files\arcgis\desktop10.0\ArcToolbox\Toolboxes\Data Management Tools.tbx\DeleteFeatures" Date="20120717" Time="111955">DeleteFeatures TDA_LOAD.STREETS_LOAD</Process><Process ToolSource="c:\program files\arcgis\desktop10.0\ArcToolbox\Toolboxes\Data Management Tools.tbx\DeleteFeatures" Date="20120717" Time="115443">DeleteFeatures "Database Connections\TGP_TDA_LOAD_DEFAULT.sde\TDA_LOAD.STREETS_LOAD"</Process><Process ToolSource="c:\program files\arcgis\desktop10.0\ArcToolbox\Toolboxes\Data Management Tools.tbx\Append" Date="20120717" Time="125158">Append STREETS_LOAD TDA_LOAD.STREETS_LOAD NO_TEST "STREET_NAME "STREET_NAME" true true false 42 Text 0 0 ,First,#,N:\GIM\GIS\Users\Todd\Projects\Streetname\DAT_SDW_STREETNAME_CONF\06_19_2012\STREETS_SDW_FILE.gdb\STREETS_LOAD,STREET_NAME,-1,-1;STREET_PREFIX "STREET_PREFIX" true true false 2 Text 0 0 ,First,#,N:\GIM\GIS\Users\Todd\Projects\Streetname\DAT_SDW_STREETNAME_CONF\06_19_2012\STREETS_SDW_FILE.gdb\STREETS_LOAD,STREET_PREFIX,-1,-1;BASE_NAME "BASE_NAME" true true false 30 Text 0 0 ,First,#,N:\GIM\GIS\Users\Todd\Projects\Streetname\DAT_SDW_STREETNAME_CONF\06_19_2012\STREETS_SDW_FILE.gdb\STREETS_LOAD,BASE_NAME,-1,-1;STREET_TYPE "STREET_TYPE" true true false 4 Text 0 0 ,First,#,N:\GIM\GIS\Users\Todd\Projects\Streetname\DAT_SDW_STREETNAME_CONF\06_19_2012\STREETS_SDW_FILE.gdb\STREETS_LOAD,STREET_TYPE,-1,-1;STREET_SUFFIX "STREET_SUFFIX" true true false 2 Text 0 0 ,First,#,N:\GIM\GIS\Users\Todd\Projects\Streetname\DAT_SDW_STREETNAME_CONF\06_19_2012\STREETS_SDW_FILE.gdb\STREETS_LOAD,STREET_SUFFIX,-1,-1;E_911 "E_911" true true false 1 Text 0 0 ,First,#,N:\GIM\GIS\Users\Todd\Projects\Streetname\DAT_SDW_STREETNAME_CONF\06_19_2012\STREETS_SDW_FILE.gdb\STREETS_LOAD,E_911,-1,-1;ROUTE_SYSTEM "ROUTE_SYSTEM" true true false 2 Text 0 0 ,First,#,N:\GIM\GIS\Users\Todd\Projects\Streetname\DAT_SDW_STREETNAME_CONF\06_19_2012\STREETS_SDW_FILE.gdb\STREETS_LOAD,ROUTE_SYSTEM,-1,-1;ROUTE_NUMBER "ROUTE_NUMBER" true true false 5 Text 0 0 ,First,#,N:\GIM\GIS\Users\Todd\Projects\Streetname\DAT_SDW_STREETNAME_CONF\06_19_2012\STREETS_SDW_FILE.gdb\STREETS_LOAD,ROUTE_NUMBER,-1,-1;TIS_CODE "TIS_CODE" true true false 11 Text 0 0 ,First,#,N:\GIM\GIS\Users\Todd\Projects\Streetname\DAT_SDW_STREETNAME_CONF\06_19_2012\STREETS_SDW_FILE.gdb\STREETS_LOAD,TIS_CODE,-1,-1;DIVIDED_ONEWAY "DIVIDED_ONEWAY" true true false 1 Text 0 0 ,First,#,N:\GIM\GIS\Users\Todd\Projects\Streetname\DAT_SDW_STREETNAME_CONF\06_19_2012\STREETS_SDW_FILE.gdb\STREETS_LOAD,DIVIDED_ONEWAY,-1,-1;TRAFFIC_DIRECTION "TRAFFIC_DIRECTION" true true false 1 Text 0 0 ,First,#,N:\GIM\GIS\Users\Todd\Projects\Streetname\DAT_SDW_STREETNAME_CONF\06_19_2012\STREETS_SDW_FILE.gdb\STREETS_LOAD,TRAFFIC_DIRECTION,-1,-1;STATUS_CODE "STATUS_CODE" true true false 1 Text 0 0 ,First,#,N:\GIM\GIS\Users\Todd\Projects\Streetname\DAT_SDW_STREETNAME_CONF\06_19_2012\STREETS_SDW_FILE.gdb\STREETS_LOAD,STATUS_CODE,-1,-1;DATE_PROPOSED "DATE_PROPOSED" true true false 36 Date 0 0 ,First,#,N:\GIM\GIS\Users\Todd\Projects\Streetname\DAT_SDW_STREETNAME_CONF\06_19_2012\STREETS_SDW_FILE.gdb\STREETS_LOAD,DATE_PROPOSED,-1,-1;DATE_ACTIVE "DATE_ACTIVE" true true false 36 Date 0 0 ,First,#,N:\GIM\GIS\Users\Todd\Projects\Streetname\DAT_SDW_STREETNAME_CONF\06_19_2012\STREETS_SDW_FILE.gdb\STREETS_LOAD,DATE_ACTIVE,-1,-1;DATE_RETIRED "DATE_RETIRED" true true false 36 Date 0 0 ,First,#,N:\GIM\GIS\Users\Todd\Projects\Streetname\DAT_SDW_STREETNAME_CONF\06_19_2012\STREETS_SDW_FILE.gdb\STREETS_LOAD,DATE_RETIRED,-1,-1;DATE_EDITED "DATE_EDITED" true true false 36 Date 0 0 ,First,#,N:\GIM\GIS\Users\Todd\Projects\Streetname\DAT_SDW_STREETNAME_CONF\06_19_2012\STREETS_SDW_FILE.gdb\STREETS_LOAD,DATE_EDITED,-1,-1;EDIT_NOTE "EDIT_NOTE" true true false 20 Text 0 0 ,First,#,N:\GIM\GIS\Users\Todd\Projects\Streetname\DAT_SDW_STREETNAME_CONF\06_19_2012\STREETS_SDW_FILE.gdb\STREETS_LOAD,EDIT_NOTE,-1,-1;EDIT_REASON "EDIT_REASON" true true false 50 Text 0 0 ,First,#,N:\GIM\GIS\Users\Todd\Projects\Streetname\DAT_SDW_STREETNAME_CONF\06_19_2012\STREETS_SDW_FILE.gdb\STREETS_LOAD,EDIT_REASON,-1,-1;SHAPE.LEN "SHAPE.LEN" false false true 0 Double 0 0 ,First,#" #</Process><Process ToolSource="c:\program files (x86)\arcgis\desktop10.0\ArcToolbox\Toolboxes\Data Management Tools.tbx\DeleteFeatures" Date="20130613" Time="083450">DeleteFeatures "Database Connections\TGP_TDA_LOAD_DEFAULT.sde\TDA_LOAD.STREETS_LOAD"</Process><Process ToolSource="C:\app\ArcGIS\Desktop10.0\ArcToolbox\Toolboxes\Data Management Tools.tbx\UnregisterAsVersioned" Date="20131219" Time="114600">UnregisterAsVersioned "Database Connections\tda_load@tgp10g.sde\TDA_LOAD.STREETS_LOAD" NO_KEEP_EDIT NO_COMPRESS_DEFAULT</Process><Process ToolSource="c:\program files (x86)\arcgis\desktop10.0\ArcToolbox\Toolboxes\Data Management Tools.tbx\DeleteFeatures" Date="20140414" Time="103249">DeleteFeatures "Database Connections\TGP_TDA_LOAD_DEFAULT.sde\TDA_LOAD.STREETS_LOAD"</Process><Process ToolSource="c:\program files (x86)\arcgis\desktop10.0\ArcToolbox\Toolboxes\Data Management Tools.tbx\DeleteFeatures" Date="20140429" Time="130630">DeleteFeatures "Database Connections\TGP_TDA_LOAD_DEFAULT.sde\TDA_LOAD.STREETS_LOAD"</Process><Process ToolSource="c:\program files\arcgis\pro\Resources\ArcToolbox\toolboxes\Conversion Tools.tbx\FeatureClassToFeatureClass" Date="20220920" Time="210948">FeatureClassToFeatureClass STREETS_LOAD C:\Users\wang1\Documents\ArcGIS\Projects\lab0\lab0.gdb East_Bank # "STREET_NAME "STREET_NAME" true true false 42 Text 0 0,First,#,STREETS_LOAD,STREET_NAME,0,42;STREET_PREFIX "STREET_PREFIX" true true false 2 Text 0 0,First,#,STREETS_LOAD,STREET_PREFIX,0,2;BASE_NAME "BASE_NAME" true true false 30 Text 0 0,First,#,STREETS_LOAD,BASE_NAME,0,30;STREET_TYPE "STREET_TYPE" true true false 4 Text 0 0,First,#,STREETS_LOAD,STREET_TYPE,0,4;STREET_SUFFIX "STREET_SUFFIX" true true false 2 Text 0 0,First,#,STREETS_LOAD,STREET_SUFFIX,0,2;E_911 "E_911" true true false 1 Text 0 0,First,#,STREETS_LOAD,E_911,0,1;ROUTE_SYSTEM "ROUTE_SYSTEM" true true false 2 Text 0 0,First,#,STREETS_LOAD,ROUTE_SYSTEM,0,2;ROUTE_NUMBER "ROUTE_NUMBER" true true false 5 Text 0 0,First,#,STREETS_LOAD,ROUTE_NUMBER,0,5;TIS_CODE "TIS_CODE" true true false 11 Text 0 0,First,#,STREETS_LOAD,TIS_CODE,0,11;DIVIDED_ONEWAY "DIVIDED_ONEWAY" true true false 1 Text 0 0,First,#,STREETS_LOAD,DIVIDED_ONEWAY,0,1;TRAFFIC_DIRECTION "TRAFFIC_DIRECTION" true true false 1 Text 0 0,First,#,STREETS_LOAD,TRAFFIC_DIRECTION,0,1;SE_ANNO_CAD_DATA "SE_ANNO_CAD_DATA" true true false 0 Blob 0 0,First,#,STREETS_LOAD,SE_ANNO_CAD_DATA,-1,-1;SHAPE_Length "SHAPE_Length" false true true 8 Double 0 0,First,#,STREETS_LOAD,SHAPE_Length,-1,-1" #</Process><Process ToolSource="c:\program files\arcgis\pro\Resources\ArcToolbox\toolboxes\Conversion Tools.tbx\FeatureClassToFeatureClass" Date="20220921" Time="002025">FeatureClassToFeatureClass East_Bank C:\Users\wang1\Desktop\GIS5571\GIS5571\Lab0\road_data East_Bank_Road.shp # "STREET_NAME "STREET_NAME" true true false 42 Text 0 0,First,#,East_Bank,STREET_NAME,0,42;STREET_PREFIX "STREET_PREFIX" true true false 2 Text 0 0,First,#,East_Bank,STREET_PREFIX,0,2;BASE_NAME "BASE_NAME" true true false 30 Text 0 0,First,#,East_Bank,BASE_NAME,0,30;STREET_TYPE "STREET_TYPE" true true false 4 Text 0 0,First,#,East_Bank,STREET_TYPE,0,4;STREET_SUFFIX "STREET_SUFFIX" true true false 2 Text 0 0,First,#,East_Bank,STREET_SUFFIX,0,2;E_911 "E_911" true true false 1 Text 0 0,First,#,East_Bank,E_911,0,1;ROUTE_SYSTEM "ROUTE_SYSTEM" true true false 2 Text 0 0,First,#,East_Bank,ROUTE_SYSTEM,0,2;ROUTE_NUMBER "ROUTE_NUMBER" true true false 5 Text 0 0,First,#,East_Bank,ROUTE_NUMBER,0,5;TIS_CODE "TIS_CODE" true true false 11 Text 0 0,First,#,East_Bank,TIS_CODE,0,11;DIVIDED_ONEWAY "DIVIDED_ONEWAY" true true false 1 Text 0 0,First,#,East_Bank,DIVIDED_ONEWAY,0,1;TRAFFIC_DIRECTION "TRAFFIC_DIRECTION" true true false 1 Text 0 0,First,#,East_Bank,TRAFFIC_DIRECTION,0,1;Shape_Length "Shape_Length" false true true 8 Double 0 0,First,#,East_Bank,Shape_Length,-1,-1" #</Process></lineage><itemProps><itemName Sync="TRUE">East_Bank_Road</itemName><imsContentType Sync="TRUE">002</imsContentType><itemLocation><linkage Sync="TRUE">file://\\DESKTOP-C9OKN0B\C$\Users\wang1\Desktop\GIS5571\GIS5571\Lab0\road_data\East_Bank_Road.shp</linkage><protocol Sync="TRUE">Local Area Network</protocol></itemLocation><nativeExtBox><westBL Sync="TRUE">189914.473000</westBL><eastBL Sync="TRUE">754702.626000</eastBL><southBL Sync="TRUE">4816309.499000</southBL><northBL Sync="TRUE">5470952.372000</northBL><exTypeCode Sync="TRUE">1</exTypeCode></nativeExtBox><itemSize Sync="TRUE">0.000</itemSize></itemProps><coordRef><type Sync="TRUE">Projected</type><geogcsn Sync="TRUE">GCS_North_American_1983</geogcsn><csUnits Sync="TRUE">Linear Unit: Meter (1.000000)</csUnits><projcsn Sync="TRUE">NAD_1983_UTM_Zone_15N</projcsn><peXml Sync="TRUE">&lt;ProjectedCoordinateSystem xsi:type='typens:ProjectedCoordinateSystem' xmlns:xsi='http://www.w3.org/2001/XMLSchema-instance' xmlns:xs='http://www.w3.org/2001/XMLSchema' xmlns:typens='http://www.esri.com/schemas/ArcGIS/2.9.0'&gt;&lt;WKT&gt;PROJCS[&amp;quot;NAD_1983_UTM_Zone_15N&amp;quot;,GEOGCS[&amp;quot;GCS_North_American_1983&amp;quot;,DATUM[&amp;quot;D_North_American_1983&amp;quot;,SPHEROID[&amp;quot;GRS_1980&amp;quot;,6378137.0,298.257222101]],PRIMEM[&amp;quot;Greenwich&amp;quot;,0.0],UNIT[&amp;quot;Degree&amp;quot;,0.0174532925199433]],PROJECTION[&amp;quot;Transverse_Mercator&amp;quot;],PARAMETER[&amp;quot;False_Easting&amp;quot;,500000.0],PARAMETER[&amp;quot;False_Northing&amp;quot;,0.0],PARAMETER[&amp;quot;Central_Meridian&amp;quot;,-93.0],PARAMETER[&amp;quot;Scale_Factor&amp;quot;,0.9996],PARAMETER[&amp;quot;Latitude_Of_Origin&amp;quot;,0.0],UNIT[&amp;quot;Meter&amp;quot;,1.0],AUTHORITY[&amp;quot;EPSG&amp;quot;,26915]]&lt;/WKT&gt;&lt;XOrigin&gt;-5120900&lt;/XOrigin&gt;&lt;YOrigin&gt;-9998100&lt;/YOrigin&gt;&lt;XYScale&gt;450445547.3910538&lt;/XYScale&gt;&lt;ZOrigin&gt;-100000&lt;/ZOrigin&gt;&lt;ZScale&gt;10000&lt;/ZScale&gt;&lt;MOrigin&gt;-100000&lt;/MOrigin&gt;&lt;MScale&gt;10000&lt;/MScale&gt;&lt;XYTolerance&gt;0.001&lt;/XYTolerance&gt;&lt;ZTolerance&gt;0.001&lt;/ZTolerance&gt;&lt;MTolerance&gt;0.001&lt;/MTolerance&gt;&lt;HighPrecision&gt;true&lt;/HighPrecision&gt;&lt;WKID&gt;26915&lt;/WKID&gt;&lt;LatestWKID&gt;26915&lt;/LatestWKID&gt;&lt;/ProjectedCoordinateSystem&gt;</peXml></coordRef></DataProperties><SyncDate>20220921</SyncDate><SyncTime>00202500</SyncTime><ModDate>20220921</ModDate><ModTime>00202500</ModTime><ArcGISFormat>1.0</ArcGISFormat></Esri><idinfo><citation><citeinfo><onlink Sync="TRUE">Service=sde:oracle10g:\;local=tgP; User=SDW_TRANS; Version=SDE.DEFAULT</onlink><origin>REQUIRED: The name of an organization or individual that developed the data set.</origin><pubdate>REQUIRED: The date when the data set is published or otherwise made available for release.</pubdate><title Sync="TRUE">SDW_TRANS.STREETS_SDW_LOAD</title><ftname Sync="TRUE">SDW_TRANS.STREETS_SDW_LOAD</ftname><geoform Sync="TRUE">vector digital data</geoform></citeinfo></citation><native Sync="TRUE">Microsoft Windows XP Version 5.1 (Build 2600) Service Pack 3; ESRI ArcCatalog 9.2.6.1500</native><descript><langdata Sync="TRUE">en</langdata><abstract>REQUIRED: A brief narrative summary of the data set.</abstract><purpose>REQUIRED: A summary of the intentions with which the data set was developed.</purpose></descript><timeperd><current>REQUIRED: The basis on which the time period of content information is determined.</current><timeinfo><sngdate><caldate>REQUIRED: The year (and optionally month, or month and day) for which the data set corresponds to the ground.</caldate></sngdate></timeinfo></timeperd><status><progress>REQUIRED: The state of the data set.</progress><update>REQUIRED: The frequency with which changes and additions are made to the data set after the initial data set is completed.</update></status><spdom><bounding><westbc Sync="TRUE">-97.266809</westbc><eastbc Sync="TRUE">-89.493603</eastbc><northbc Sync="TRUE">49.391265</northbc><southbc Sync="TRUE">43.435479</southbc></bounding><lboundng><leftbc Sync="TRUE">189914.473000</leftbc><rightbc Sync="TRUE">754702.626000</rightbc><bottombc Sync="TRUE">4816309.499000</bottombc><topbc Sync="TRUE">5470952.372000</topbc></lboundng></spdom><keywords><theme><themekt>REQUIRED: Reference to a formally registered thesaurus or a similar authoritative source of theme keywords.</themekt><themekey>REQUIRED: Common-use word or phrase used to describe the subject of the data set.</themekey></theme></keywords><accconst>REQUIRED: Restrictions and legal prerequisites for accessing the data set.</accconst><useconst>REQUIRED: Restrictions and legal prerequisites for using the data set after access is granted.</useconst><natvform Sync="TRUE">SDE Feature Class</natvform></idinfo><distInfo><distributor><distorTran><onLineSrc><linkage Sync="TRUE">file://Service=sde:oracle10g:\;local=tgP; User=SDW_TRANS; Version=SDE.DEFAULT</linkage><protocol Sync="TRUE">Local Area Network</protocol><orDesc Sync="TRUE">002</orDesc></onLineSrc></distorTran><distorFormat><formatName Sync="TRUE">SDE Feature Class</formatName></distorFormat></distributor><distFormat><formatName Sync="TRUE">Shapefile</formatName></distFormat><distTranOps><transSize Sync="TRUE">0.000</transSize></distTranOps></distInfo><dataqual><lineage><procstep><procdesc Sync="TRUE">Dataset copied.</procdesc><srcused Sync="TRUE">N:\GIM\GIS\Users\Todd\Projects\DAT_SDW_STREETNAME_CONF\Shapefiles\NEW_CONF_FC_TMPLT</srcused><date Sync="TRUE">20080917</date><time Sync="TRUE">14250200</time></procstep><procstep><procdesc Sync="TRUE">Dataset copied.</procdesc><srcused Sync="TRUE">N:\GIM\GIS\Users\Todd\Projects\DAT_SDW_STREETNAME_CONF\Shapefiles\NEW_CONF_FC_0_230</srcused><date Sync="TRUE">20080930</date><time Sync="TRUE">11561200</time></procstep><procstep><procdesc Sync="TRUE">Dataset copied.</procdesc><srcused Sync="TRUE"></srcused><date Sync="TRUE">20081002</date><time Sync="TRUE">13120100</time></procstep><procstep><procdesc Sync="TRUE">Dataset copied.</procdesc><srcused Sync="TRUE">N:\GIM\GIS\Users\Todd\Projects\DAT_SDW_STREETNAME_CONF\Shapefiles\SDW_STREETNAME_HISTORY_ALL_ACTIVE_2</srcused><date Sync="TRUE">20081002</date><time Sync="TRUE">14043000</time></procstep></lineage></dataqual><dataIdInfo><envirDesc Sync="TRUE">Microsoft Windows 10 Version 10.0 (Build 22000) ; Esri ArcGIS 12.9.2.32739</envirDesc><dataLang><languageCode Sync="TRUE" value="eng"></languageCode><countryCode value="USA" Sync="TRUE"></countryCode></dataLang><idCitation><resTitle Sync="TRUE">East_Bank_Road</resTitle><presForm><PresFormCd Sync="TRUE" value="005"></PresFormCd></presForm></idCitation><spatRpType><SpatRepTypCd Sync="TRUE" value="001"></SpatRepTypCd></spatRpType><dataExt><geoEle><GeoBndBox esriExtentType="native"><westBL Sync="TRUE">189914.473</westBL><eastBL Sync="TRUE">754702.626</eastBL><northBL Sync="TRUE">5470952.372</northBL><southBL Sync="TRUE">4816309.499</southBL><exTypeCode Sync="TRUE">1</exTypeCode></GeoBndBox></geoEle></dataExt><geoBox esriExtentType="decdegrees"><westBL Sync="TRUE">-97.266809</westBL><eastBL Sync="TRUE">-89.493603</eastBL><northBL Sync="TRUE">49.391265</northBL><southBL Sync="TRUE">43.435479</southBL><exTypeCode Sync="TRUE">1</exTypeCode></geoBox><dataExt><geoEle><GeoBndBox esriExtentType="search"><exTypeCode Sync="TRUE">1</exTypeCode><westBL Sync="TRUE">-97.266809</westBL><eastBL Sync="TRUE">-89.493603</eastBL><northBL Sync="TRUE">49.391265</northBL><southBL Sync="TRUE">43.435479</southBL></GeoBndBox></geoEle></dataExt></dataIdInfo><metainfo><langmeta Sync="TRUE">en</langmeta><metstdn Sync="TRUE">FGDC Content Standards for Digital Geospatial Metadata</metstdn><metstdv Sync="TRUE">FGDC-STD-001-1998</metstdv><mettc Sync="TRUE">local time</mettc><metc><cntinfo><cntorgp><cntper>REQUIRED: The person responsible for the metadata information.</cntper><cntorg>REQUIRED: The organization responsible for the metadata information.</cntorg></cntorgp><cntaddr><addrtype>REQUIRED: The mailing and/or physical address for the organization or individual.</addrtype><city>REQUIRED: The city of the address.</city><state>REQUIRED: The state or province of the address.</state><postal>REQUIRED: The ZIP or other postal code of the address.</postal></cntaddr><cntvoice>REQUIRED: The telephone number by which individuals can speak to the organization or individual.</cntvoice></cntinfo></metc><metd Sync="TRUE">20090422</metd></metainfo><mdLang><languageCode Sync="TRUE" value="eng"></languageCode><countryCode value="USA" Sync="TRUE"></countryCode></mdLang><mdStanName Sync="TRUE">ISO 19115 Geographic Information - Metadata</mdStanName><mdStanVer Sync="TRUE">DIS_ESRI1.0</mdStanVer><mdChar><CharSetCd Sync="TRUE" value="004"></CharSetCd></mdChar><mdHrLv><ScopeCd Sync="TRUE" value="005"></ScopeCd></mdHrLv><mdHrLvName Sync="TRUE">dataset</mdHrLvName><distinfo><resdesc Sync="TRUE">Downloadable Data</resdesc></distinfo><spdoinfo><direct Sync="TRUE">Vector</direct><ptvctinf><esriterm Name="East_Bank_Road"><efeatyp Sync="TRUE">Simple</efeatyp><efeageom code="3" Sync="TRUE"></efeageom><esritopo Sync="TRUE">FALSE</esritopo><efeacnt Sync="TRUE">0</efeacnt><spindex Sync="TRUE">FALSE</spindex><linrefer Sync="TRUE">TRUE</linrefer></esriterm></ptvctinf></spdoinfo><spref><horizsys><cordsysn><geogcsn Sync="TRUE">GCS_North_American_1983</geogcsn><projcsn Sync="TRUE">NAD_1983_UTM_Zone_15N</projcsn></cordsysn><planar><planci><plance Sync="TRUE">coordinate pair</plance><plandu Sync="TRUE">meters</plandu><coordrep><absres Sync="TRUE">0.000100</absres><ordres Sync="TRUE">0.000100</ordres></coordrep></planci></planar><geodetic><horizdn Sync="TRUE">North American Datum of 1983</horizdn><ellips Sync="TRUE">Geodetic Reference System 80</ellips><semiaxis Sync="TRUE">6378137.000000</semiaxis><denflat Sync="TRUE">298.257222</denflat></geodetic></horizsys><vertdef><altsys><altenc Sync="TRUE">Explicit elevation coordinate included with horizontal coordinates</altenc><altres Sync="TRUE">1.000000</altres></altsys></vertdef></spref><refSysInfo><RefSystem><refSysID><identCode Sync="TRUE" value="26915" code="26915">NAD_1983_UTM_Zone_15N</identCode><idCodeSpace Sync="TRUE">EPSG</idCodeSpace><idVersion Sync="TRUE">6.11(3.0.1)</idVersion></refSysID></RefSystem></refSysInfo><spatRepInfo><VectSpatRep><geometObjs Name="East_Bank_Road"><geoObjTyp><GeoObjTypCd value="002" Sync="TRUE"></GeoObjTypCd></geoObjTyp><geoObjCnt Sync="TRUE">0</geoObjCnt></geometObjs><topLvl><TopoLevCd value="001" Sync="TRUE"></TopoLevCd></topLvl></VectSpatRep></spatRepInfo><eainfo><detailed Name="East_Bank_Road"><attr><attrlabl Sync="TRUE">E_911</attrlabl><attalias Sync="TRUE">E_911</attalias><attrtype Sync="TRUE">String</attrtype><attwidth Sync="TRUE">1</attwidth><atprecis Sync="TRUE">0</atprecis><attscale Sync="TRUE">0</attscale></attr><attr><attrlabl Sync="TRUE">FID</attrlabl><attalias Sync="TRUE">FID</attalias><attrtype Sync="TRUE">OID</attrtype><attwidth Sync="TRUE">4</attwidth><atprecis Sync="TRUE">0</atprecis><attscale Sync="TRUE">0</attscale><attrdef Sync="TRUE">Internal feature number.</attrdef><attrdefs Sync="TRUE">Esri</attrdefs><attrdomv><udom Sync="TRUE">Sequential unique whole numbers that are automatically generated.</udom></attrdomv></attr><attr><attrlabl Sync="TRUE">TIS_CODE</attrlabl><attalias Sync="TRUE">TIS_CODE</attalias><attrtype Sync="TRUE">String</attrtype><attwidth Sync="TRUE">11</attwidth><atprecis Sync="TRUE">0</atprecis><attscale Sync="TRUE">0</attscale></attr><attr><attrlabl Sync="TRUE">STREET_NAM</attrlabl><attalias Sync="TRUE">STREET_NAM</attalias><attrtype Sync="TRUE">String</attrtype><attwidth Sync="TRUE">42</attwidth><atprecis Sync="TRUE">0</atprecis><attscale Sync="TRUE">0</attscale></attr><attr><attrlabl Sync="TRUE">STREET_PRE</attrlabl><attalias Sync="TRUE">STREET_PRE</attalias><attrtype Sync="TRUE">String</attrtype><attwidth Sync="TRUE">2</attwidth><atprecis Sync="TRUE">0</atprecis><attscale Sync="TRUE">0</attscale></attr><attr><attrlabl Sync="TRUE">SHAPE</attrlabl><attalias Sync="TRUE">Shape</attalias><attrtype Sync="TRUE">Geometry</attrtype><attwidth Sync="TRUE">0</attwidth><atprecis Sync="TRUE">0</atprecis><attscale Sync="TRUE">0</attscale><attrdef Sync="TRUE">Feature geometry.</attrdef><attrdefs Sync="TRUE">ESRI</attrdefs><attrdomv><udom Sync="TRUE">Coordinates defining the features.</udom></attrdomv></attr><attr><attrlabl Sync="TRUE">STREET_TYP</attrlabl><attalias Sync="TRUE">STREET_TYP</attalias><attrtype Sync="TRUE">String</attrtype><attwidth Sync="TRUE">4</attwidth><atprecis Sync="TRUE">0</atprecis><attscale Sync="TRUE">0</attscale></attr><attr><attrlabl Sync="TRUE">STREET_SUF</attrlabl><attalias Sync="TRUE">STREET_SUF</attalias><attrtype Sync="TRUE">String</attrtype><attwidth Sync="TRUE">2</attwidth><atprecis Sync="TRUE">0</atprecis><attscale Sync="TRUE">0</attscale></attr><enttyp><enttypl Sync="TRUE">East_Bank_Road</enttypl><enttypt Sync="TRUE">Feature Class</enttypt><enttypc Sync="TRUE">0</enttypc></enttyp><attr><attrlabl Sync="TRUE">ROUTE_SYST</attrlabl><attalias Sync="TRUE">ROUTE_SYST</attalias><attrtype Sync="TRUE">String</attrtype><attwidth Sync="TRUE">2</attwidth><atprecis Sync="TRUE">0</atprecis><attscale Sync="TRUE">0</attscale></attr><attr><attrlabl Sync="TRUE">ROUTE_NUMB</attrlabl><attalias Sync="TRUE">ROUTE_NUMB</attalias><attrtype Sync="TRUE">String</attrtype><attwidth Sync="TRUE">5</attwidth><atprecis Sync="TRUE">0</atprecis><attscale Sync="TRUE">0</attscale></attr><attr><attrlabl Sync="TRUE">BASE_NAME</attrlabl><attalias Sync="TRUE">BASE_NAME</attalias><attrtype Sync="TRUE">String</attrtype><attwidth Sync="TRUE">30</attwidth><atprecis Sync="TRUE">0</atprecis><attscale Sync="TRUE">0</attscale></attr><attr><attrlabl Sync="TRUE">DIVIDED_ON</attrlabl><attalias Sync="TRUE">DIVIDED_ON</attalias><attrtype Sync="TRUE">String</attrtype><attwidth Sync="TRUE">1</attwidth><atprecis Sync="TRUE">0</atprecis><attscale Sync="TRUE">0</attscale></attr><attr><attrlabl Sync="TRUE">TRAFFIC_DI</attrlabl><attalias Sync="TRUE">TRAFFIC_DI</attalias><attrtype Sync="TRUE">String</attrtype><attwidth Sync="TRUE">1</attwidth><atprecis Sync="TRUE">0</atprecis><attscale Sync="TRUE">0</attscale></attr><attr><attrlabl Sync="TRUE">Shape_Leng</attrlabl><attalias Sync="TRUE">Shape_Leng</attalias><attrtype Sync="TRUE">Double</attrtype><attwidth Sync="TRUE">19</attwidth><atprecis Sync="TRUE">0</atprecis><attscale Sync="TRUE">0</attscale></attr></detailed></eainfo><mdDateSt Sync="TRUE">20220921</mdDateSt></metadata>
